time             ,language   ,distributed,seed,hidden,rate,momentum,ticks,rand_range,num_train,boundary_precision,boundary_recall,boundary_F,word_precision,word_recall,word_F,expA_accuracy,expB_accuracy,expA_std,expB_std
03/28 at 19:42:23,danish     ,False      ,0.0 ,70.0  ,0.07,0.92    ,1.0  ,0.18      ,696692.0 ,0.652             ,0.599          ,0.625     ,0.277         ,0.254      ,0.265 ,0.79         ,0.708        ,0.068   ,0.075   
03/28 at 19:42:53,danish     ,False      ,0.0 ,70.0  ,0.07,0.92    ,1.0  ,0.18      ,69669.0  ,0.698             ,0.7            ,0.699     ,0.419         ,0.42       ,0.42  ,0.757        ,0.755        ,0.071   ,0.069   
03/28 at 19:46:47,danish     ,False      ,0.0 ,70.0  ,0.07,0.92    ,1.0  ,0.25      ,696692.0 ,0.592             ,0.557          ,0.574     ,0.235         ,0.221      ,0.228 ,0.742        ,0.766        ,0.07    ,0.069   
03/28 at 19:47:17,danish     ,False      ,0.0 ,70.0  ,0.07,0.92    ,1.0  ,0.25      ,69669.0  ,0.717             ,0.593          ,0.649     ,0.37          ,0.306      ,0.335 ,0.744        ,0.757        ,0.071   ,0.071   
03/28 at 19:51:08,danish     ,False      ,0.0 ,70.0  ,0.07,0.92    ,1.0  ,0.32      ,696692.0 ,0.628             ,0.56           ,0.592     ,0.296         ,0.264      ,0.279 ,0.773        ,0.761        ,0.069   ,0.071   
03/28 at 19:51:38,danish     ,False      ,0.0 ,70.0  ,0.07,0.92    ,1.0  ,0.32      ,69669.0  ,0.693             ,0.648          ,0.67      ,0.401         ,0.375      ,0.387 ,0.745        ,0.772        ,0.072   ,0.068   
03/28 at 19:55:30,danish     ,False      ,0.0 ,70.0  ,0.07,0.95    ,1.0  ,0.18      ,696692.0 ,0.639             ,0.554          ,0.593     ,0.252         ,0.218      ,0.234 ,0.729        ,0.697        ,0.07    ,0.075   
03/28 at 19:56:00,danish     ,False      ,0.0 ,70.0  ,0.07,0.95    ,1.0  ,0.18      ,69669.0  ,0.577             ,0.596          ,0.587     ,0.249         ,0.257      ,0.253 ,0.746        ,0.784        ,0.068   ,0.067   
03/28 at 19:59:52,danish     ,False      ,0.0 ,70.0  ,0.07,0.95    ,1.0  ,0.25      ,696692.0 ,0.733             ,0.707          ,0.72      ,0.449         ,0.433      ,0.441 ,0.745        ,0.787        ,0.069   ,0.065   
03/28 at 20:00:22,danish     ,False      ,0.0 ,70.0  ,0.07,0.95    ,1.0  ,0.25      ,69669.0  ,0.666             ,0.739          ,0.701     ,0.378         ,0.42       ,0.398 ,0.758        ,0.751        ,0.07    ,0.07    
03/28 at 20:04:13,danish     ,False      ,0.0 ,70.0  ,0.07,0.95    ,1.0  ,0.32      ,696692.0 ,0.663             ,0.59           ,0.624     ,0.293         ,0.261      ,0.276 ,0.746        ,0.796        ,0.068   ,0.066   
03/28 at 20:04:43,danish     ,False      ,0.0 ,70.0  ,0.07,0.95    ,1.0  ,0.32      ,69669.0  ,0.631             ,0.619          ,0.625     ,0.359         ,0.352      ,0.355 ,0.762        ,0.785        ,0.069   ,0.066   
03/28 at 20:08:34,danish     ,False      ,0.0 ,70.0  ,0.07,0.98    ,1.0  ,0.18      ,696692.0 ,0.605             ,0.668          ,0.635     ,0.319         ,0.352      ,0.334 ,0.605        ,0.679        ,0.079   ,0.076   
03/28 at 20:09:04,danish     ,False      ,0.0 ,70.0  ,0.07,0.98    ,1.0  ,0.18      ,69669.0  ,0.521             ,0.723          ,0.606     ,0.256         ,0.355      ,0.297 ,0.629        ,0.672        ,0.078   ,0.075   
03/28 at 20:12:55,danish     ,False      ,0.0 ,70.0  ,0.07,0.98    ,1.0  ,0.25      ,696692.0 ,0.577             ,0.779          ,0.663     ,0.321         ,0.433      ,0.369 ,0.593        ,0.577        ,0.084   ,0.081   
03/28 at 20:13:26,danish     ,False      ,0.0 ,70.0  ,0.07,0.98    ,1.0  ,0.25      ,69669.0  ,0.481             ,0.831          ,0.609     ,0.192         ,0.332      ,0.244 ,0.701        ,0.648        ,0.074   ,0.078   
03/28 at 20:17:17,danish     ,False      ,0.0 ,70.0  ,0.07,0.98    ,1.0  ,0.32      ,696692.0 ,0.617             ,0.801          ,0.697     ,0.373         ,0.485      ,0.422 ,0.516        ,0.644        ,0.082   ,0.078   
03/28 at 20:17:47,danish     ,False      ,0.0 ,70.0  ,0.07,0.98    ,1.0  ,0.32      ,69669.0  ,0.438             ,0.893          ,0.588     ,0.125         ,0.254      ,0.167 ,0.654        ,0.594        ,0.076   ,0.082   
03/28 at 20:21:39,danish     ,False      ,0.0 ,70.0  ,0.1 ,0.92    ,1.0  ,0.18      ,696692.0 ,0.646             ,0.554          ,0.596     ,0.3           ,0.257      ,0.277 ,0.792        ,0.731        ,0.063   ,0.07    
03/28 at 20:22:09,danish     ,False      ,0.0 ,70.0  ,0.1 ,0.92    ,1.0  ,0.18      ,69669.0  ,0.655             ,0.625          ,0.64      ,0.365         ,0.349      ,0.357 ,0.746        ,0.754        ,0.07    ,0.069   
03/28 at 20:26:00,danish     ,False      ,0.0 ,70.0  ,0.1 ,0.92    ,1.0  ,0.25      ,696692.0 ,0.578             ,0.544          ,0.56      ,0.284         ,0.267      ,0.275 ,0.748        ,0.774        ,0.068   ,0.067   
03/28 at 20:26:30,danish     ,False      ,0.0 ,70.0  ,0.1 ,0.92    ,1.0  ,0.25      ,69669.0  ,0.661             ,0.668          ,0.665     ,0.342         ,0.345      ,0.344 ,0.791        ,0.77         ,0.067   ,0.07    
03/28 at 20:30:21,danish     ,False      ,0.0 ,70.0  ,0.1 ,0.92    ,1.0  ,0.32      ,696692.0 ,0.638             ,0.609          ,0.623     ,0.324         ,0.309      ,0.317 ,0.714        ,0.741        ,0.068   ,0.072   
03/28 at 20:30:51,danish     ,False      ,0.0 ,70.0  ,0.1 ,0.92    ,1.0  ,0.32      ,69669.0  ,0.639             ,0.658          ,0.648     ,0.316         ,0.326      ,0.321 ,0.778        ,0.777        ,0.069   ,0.067   
03/28 at 20:34:43,danish     ,False      ,0.0 ,70.0  ,0.1 ,0.95    ,1.0  ,0.18      ,696692.0 ,0.644             ,0.583          ,0.612     ,0.302         ,0.274      ,0.287 ,0.72         ,0.654        ,0.072   ,0.075   
03/28 at 20:35:13,danish     ,False      ,0.0 ,70.0  ,0.1 ,0.95    ,1.0  ,0.18      ,69669.0  ,0.614             ,0.616          ,0.615     ,0.295         ,0.296      ,0.296 ,0.738        ,0.75         ,0.071   ,0.069   
03/28 at 20:39:04,danish     ,False      ,0.0 ,70.0  ,0.1 ,0.95    ,1.0  ,0.25      ,696692.0 ,0.68              ,0.629          ,0.653     ,0.313         ,0.29       ,0.301 ,0.704        ,0.718        ,0.074   ,0.071   
03/28 at 20:39:34,danish     ,False      ,0.0 ,70.0  ,0.1 ,0.95    ,1.0  ,0.25      ,69669.0  ,0.654             ,0.707          ,0.679     ,0.367         ,0.397      ,0.382 ,0.699        ,0.638        ,0.073   ,0.073   
03/28 at 20:43:25,danish     ,False      ,0.0 ,70.0  ,0.1 ,0.95    ,1.0  ,0.32      ,696692.0 ,0.679             ,0.759          ,0.717     ,0.397         ,0.443      ,0.418 ,0.695        ,0.666        ,0.073   ,0.078   
03/28 at 20:43:55,danish     ,False      ,0.0 ,70.0  ,0.1 ,0.95    ,1.0  ,0.32      ,69669.0  ,0.549             ,0.655          ,0.597     ,0.191         ,0.228      ,0.208 ,0.73         ,0.741        ,0.067   ,0.07    
03/28 at 20:47:47,danish     ,False      ,0.0 ,70.0  ,0.1 ,0.98    ,1.0  ,0.18      ,696692.0 ,0.455             ,0.818          ,0.584     ,0.17          ,0.306      ,0.219 ,0.547        ,0.562        ,0.08    ,0.084   
03/28 at 20:48:18,danish     ,False      ,0.0 ,70.0  ,0.1 ,0.98    ,1.0  ,0.18      ,69669.0  ,0.382             ,0.814          ,0.52      ,0.115         ,0.244      ,0.156 ,0.593        ,0.601        ,0.079   ,0.08    
03/28 at 20:52:08,danish     ,False      ,0.0 ,70.0  ,0.1 ,0.98    ,1.0  ,0.25      ,696692.0 ,0.495             ,0.821          ,0.618     ,0.214         ,0.355      ,0.267 ,0.594        ,0.578        ,0.079   ,0.08    
03/28 at 20:52:38,danish     ,False      ,0.0 ,70.0  ,0.1 ,0.98    ,1.0  ,0.25      ,69669.0  ,0.516             ,0.818          ,0.633     ,0.259         ,0.41       ,0.318 ,0.663        ,0.593        ,0.075   ,0.083   
03/28 at 20:56:30,danish     ,False      ,0.0 ,70.0  ,0.1 ,0.98    ,1.0  ,0.32      ,696692.0 ,0.875             ,0.114          ,0.202     ,0.45          ,0.059      ,0.104 ,0.594        ,0.602        ,0.08    ,0.081   
03/28 at 20:57:00,danish     ,False      ,0.0 ,70.0  ,0.1 ,0.98    ,1.0  ,0.32      ,69669.0  ,0.443             ,0.87           ,0.587     ,0.156         ,0.306      ,0.207 ,0.532        ,0.609        ,0.078   ,0.078   
03/28 at 21:00:51,danish     ,False      ,0.0 ,70.0  ,0.13,0.92    ,1.0  ,0.18      ,696692.0 ,0.662             ,0.606          ,0.633     ,0.317         ,0.29       ,0.303 ,0.808        ,0.7          ,0.063   ,0.072   
03/28 at 21:01:21,danish     ,False      ,0.0 ,70.0  ,0.13,0.92    ,1.0  ,0.18      ,69669.0  ,0.686             ,0.684          ,0.685     ,0.451         ,0.45       ,0.45  ,0.724        ,0.638        ,0.072   ,0.074   
03/28 at 21:05:12,danish     ,False      ,0.0 ,70.0  ,0.13,0.92    ,1.0  ,0.25      ,696692.0 ,0.676             ,0.599          ,0.636     ,0.36          ,0.319      ,0.339 ,0.747        ,0.699        ,0.07    ,0.075   
03/28 at 21:05:42,danish     ,False      ,0.0 ,70.0  ,0.13,0.92    ,1.0  ,0.25      ,69669.0  ,0.691             ,0.642          ,0.666     ,0.351         ,0.326      ,0.338 ,0.704        ,0.719        ,0.074   ,0.075   
03/28 at 21:09:34,danish     ,False      ,0.0 ,70.0  ,0.13,0.92    ,1.0  ,0.32      ,696692.0 ,0.672             ,0.567          ,0.615     ,0.32          ,0.27       ,0.293 ,0.746        ,0.684        ,0.071   ,0.076   
03/28 at 21:10:05,danish     ,False      ,0.0 ,70.0  ,0.13,0.92    ,1.0  ,0.32      ,69669.0  ,0.643             ,0.651          ,0.647     ,0.289         ,0.293      ,0.291 ,0.759        ,0.78         ,0.072   ,0.065   
03/28 at 21:13:56,danish     ,False      ,0.0 ,70.0  ,0.13,0.95    ,1.0  ,0.18      ,696692.0 ,0.643             ,0.71           ,0.675     ,0.336         ,0.371      ,0.353 ,0.63         ,0.599        ,0.079   ,0.08    
03/28 at 21:14:26,danish     ,False      ,0.0 ,70.0  ,0.13,0.95    ,1.0  ,0.18      ,69669.0  ,0.644             ,0.642          ,0.643     ,0.363         ,0.362      ,0.362 ,0.666        ,0.671        ,0.077   ,0.074   
03/28 at 21:18:18,danish     ,False      ,0.0 ,70.0  ,0.13,0.95    ,1.0  ,0.25      ,696692.0 ,0.667             ,0.619          ,0.642     ,0.316         ,0.293      ,0.304 ,0.654        ,0.629        ,0.078   ,0.079   
03/28 at 21:18:48,danish     ,False      ,0.0 ,70.0  ,0.13,0.95    ,1.0  ,0.25      ,69669.0  ,0.649             ,0.775          ,0.706     ,0.373         ,0.446      ,0.407 ,0.704        ,0.72         ,0.074   ,0.072   
03/28 at 21:22:39,danish     ,False      ,0.0 ,70.0  ,0.13,0.95    ,1.0  ,0.32      ,696692.0 ,0.628             ,0.687          ,0.656     ,0.327         ,0.358      ,0.342 ,0.677        ,0.617        ,0.077   ,0.076   
03/28 at 21:23:10,danish     ,False      ,0.0 ,70.0  ,0.13,0.95    ,1.0  ,0.32      ,69669.0  ,0.657             ,0.58           ,0.616     ,0.332         ,0.293      ,0.311 ,0.691        ,0.74         ,0.069   ,0.07    
03/28 at 21:27:02,danish     ,False      ,0.0 ,70.0  ,0.13,0.98    ,1.0  ,0.18      ,696692.0 ,0.574             ,0.202          ,0.299     ,0.213         ,0.075      ,0.111 ,0.549        ,0.538        ,0.079   ,0.083   
03/28 at 21:27:32,danish     ,False      ,0.0 ,70.0  ,0.13,0.98    ,1.0  ,0.18      ,69669.0  ,0.377             ,0.876          ,0.527     ,0.071         ,0.166      ,0.1   ,0.573        ,0.554        ,0.082   ,0.083   
03/28 at 21:31:23,danish     ,False      ,0.0 ,70.0  ,0.13,0.98    ,1.0  ,0.25      ,696692.0 ,0.409             ,0.912          ,0.565     ,0.107         ,0.238      ,0.147 ,0.514        ,0.538        ,0.083   ,0.081   
03/28 at 21:31:53,danish     ,False      ,0.0 ,70.0  ,0.13,0.98    ,1.0  ,0.25      ,69669.0  ,0.342             ,0.941          ,0.502     ,0.045         ,0.124      ,0.066 ,0.529        ,0.544        ,0.082   ,0.08    
03/28 at 21:35:45,danish     ,False      ,0.0 ,70.0  ,0.13,0.98    ,1.0  ,0.32      ,696692.0 ,0.382             ,0.736          ,0.503     ,0.127         ,0.244      ,0.167 ,0.578        ,0.563        ,0.079   ,0.084   
03/28 at 21:36:15,danish     ,False      ,0.0 ,70.0  ,0.13,0.98    ,1.0  ,0.32      ,69669.0  ,0.423             ,0.893          ,0.574     ,0.128         ,0.27       ,0.174 ,0.511        ,0.557        ,0.075   ,0.083   
03/28 at 21:40:50,danish     ,False      ,0.0 ,80.0  ,0.07,0.92    ,1.0  ,0.18      ,696692.0 ,0.625             ,0.515          ,0.564     ,0.277         ,0.228      ,0.25  ,0.805        ,0.769        ,0.064   ,0.072   
03/28 at 21:41:25,danish     ,False      ,0.0 ,80.0  ,0.07,0.92    ,1.0  ,0.18      ,69669.0  ,0.726             ,0.57           ,0.639     ,0.324         ,0.254      ,0.285 ,0.753        ,0.807        ,0.071   ,0.063   
03/28 at 21:45:59,danish     ,False      ,0.0 ,80.0  ,0.07,0.92    ,1.0  ,0.25      ,696692.0 ,0.693             ,0.638          ,0.664     ,0.343         ,0.316      ,0.329 ,0.76         ,0.809        ,0.069   ,0.064   
03/28 at 21:46:34,danish     ,False      ,0.0 ,80.0  ,0.07,0.92    ,1.0  ,0.25      ,69669.0  ,0.68              ,0.554          ,0.61      ,0.32          ,0.261      ,0.287 ,0.747        ,0.763        ,0.072   ,0.07    
03/28 at 21:51:10,danish     ,False      ,0.0 ,80.0  ,0.07,0.92    ,1.0  ,0.32      ,696692.0 ,0.605             ,0.524          ,0.562     ,0.233         ,0.202      ,0.216 ,0.783        ,0.785        ,0.065   ,0.067   
03/28 at 21:51:45,danish     ,False      ,0.0 ,80.0  ,0.07,0.92    ,1.0  ,0.32      ,69669.0  ,0.598             ,0.629          ,0.613     ,0.288         ,0.303      ,0.295 ,0.762        ,0.766        ,0.067   ,0.069   
03/28 at 21:56:20,danish     ,False      ,0.0 ,80.0  ,0.07,0.95    ,1.0  ,0.18      ,696692.0 ,0.628             ,0.599          ,0.613     ,0.314         ,0.3        ,0.307 ,0.729        ,0.76         ,0.073   ,0.07    
03/28 at 21:56:55,danish     ,False      ,0.0 ,80.0  ,0.07,0.95    ,1.0  ,0.18      ,69669.0  ,0.704             ,0.629          ,0.664     ,0.35          ,0.313      ,0.33  ,0.771        ,0.771        ,0.068   ,0.067   
03/28 at 22:01:29,danish     ,False      ,0.0 ,80.0  ,0.07,0.95    ,1.0  ,0.25      ,696692.0 ,0.667             ,0.645          ,0.656     ,0.364         ,0.352      ,0.358 ,0.711        ,0.725        ,0.074   ,0.071   
03/28 at 22:02:05,danish     ,False      ,0.0 ,80.0  ,0.07,0.95    ,1.0  ,0.25      ,69669.0  ,0.653             ,0.521          ,0.58      ,0.31          ,0.248      ,0.275 ,0.728        ,0.758        ,0.075   ,0.067   
03/28 at 22:06:44,danish     ,False      ,0.0 ,80.0  ,0.07,0.95    ,1.0  ,0.32      ,696692.0 ,0.678             ,0.632          ,0.654     ,0.357         ,0.332      ,0.344 ,0.731        ,0.706        ,0.07    ,0.073   
03/28 at 22:07:19,danish     ,False      ,0.0 ,80.0  ,0.07,0.95    ,1.0  ,0.32      ,69669.0  ,0.698             ,0.661          ,0.679     ,0.392         ,0.371      ,0.381 ,0.777        ,0.749        ,0.068   ,0.072   
03/28 at 22:11:53,danish     ,False      ,0.0 ,80.0  ,0.07,0.98    ,1.0  ,0.18      ,696692.0 ,0.538             ,0.684          ,0.603     ,0.269         ,0.342      ,0.301 ,0.624        ,0.609        ,0.077   ,0.08    
03/28 at 22:12:29,danish     ,False      ,0.0 ,80.0  ,0.07,0.98    ,1.0  ,0.18      ,69669.0  ,0.466             ,0.743          ,0.573     ,0.182         ,0.29       ,0.224 ,0.682        ,0.608        ,0.077   ,0.08    
03/28 at 22:17:03,danish     ,False      ,0.0 ,80.0  ,0.07,0.98    ,1.0  ,0.25      ,696692.0 ,0.608             ,0.723          ,0.661     ,0.304         ,0.362      ,0.33  ,0.597        ,0.628        ,0.084   ,0.08    
03/28 at 22:17:38,danish     ,False      ,0.0 ,80.0  ,0.07,0.98    ,1.0  ,0.25      ,69669.0  ,0.523             ,0.642          ,0.576     ,0.218         ,0.267      ,0.24  ,0.696        ,0.643        ,0.073   ,0.075   
03/28 at 22:22:12,danish     ,False      ,0.0 ,80.0  ,0.07,0.98    ,1.0  ,0.32      ,696692.0 ,0.576             ,0.775          ,0.661     ,0.322         ,0.433      ,0.369 ,0.591        ,0.619        ,0.078   ,0.078   
03/28 at 22:22:47,danish     ,False      ,0.0 ,80.0  ,0.07,0.98    ,1.0  ,0.32      ,69669.0  ,0.477             ,0.73           ,0.577     ,0.183         ,0.28       ,0.221 ,0.693        ,0.642        ,0.075   ,0.075   
03/28 at 22:27:22,danish     ,False      ,0.0 ,80.0  ,0.1 ,0.92    ,1.0  ,0.18      ,696692.0 ,0.683             ,0.596          ,0.637     ,0.336         ,0.293      ,0.313 ,0.746        ,0.759        ,0.071   ,0.069   
03/28 at 22:27:57,danish     ,False      ,0.0 ,80.0  ,0.1 ,0.92    ,1.0  ,0.18      ,69669.0  ,0.644             ,0.619          ,0.631     ,0.329         ,0.316      ,0.322 ,0.769        ,0.78         ,0.069   ,0.068   
03/28 at 22:32:31,danish     ,False      ,0.0 ,80.0  ,0.1 ,0.92    ,1.0  ,0.25      ,696692.0 ,0.527             ,0.476          ,0.5       ,0.159         ,0.143      ,0.151 ,0.706        ,0.748        ,0.074   ,0.07    
03/28 at 22:33:06,danish     ,False      ,0.0 ,80.0  ,0.1 ,0.92    ,1.0  ,0.25      ,69669.0  ,0.703             ,0.609          ,0.653     ,0.38          ,0.329      ,0.353 ,0.718        ,0.756        ,0.073   ,0.07    
03/28 at 22:37:40,danish     ,False      ,0.0 ,80.0  ,0.1 ,0.92    ,1.0  ,0.32      ,696692.0 ,0.617             ,0.593          ,0.605     ,0.305         ,0.293      ,0.299 ,0.686        ,0.749        ,0.073   ,0.069   
03/28 at 22:38:15,danish     ,False      ,0.0 ,80.0  ,0.1 ,0.92    ,1.0  ,0.32      ,69669.0  ,0.635             ,0.537          ,0.582     ,0.273         ,0.231      ,0.25  ,0.763        ,0.745        ,0.071   ,0.068   
03/28 at 22:42:49,danish     ,False      ,0.0 ,80.0  ,0.1 ,0.95    ,1.0  ,0.18      ,696692.0 ,0.646             ,0.583          ,0.613     ,0.329         ,0.296      ,0.312 ,0.747        ,0.7          ,0.068   ,0.074   
03/28 at 22:43:24,danish     ,False      ,0.0 ,80.0  ,0.1 ,0.95    ,1.0  ,0.18      ,69669.0  ,0.675             ,0.785          ,0.726     ,0.443         ,0.515      ,0.476 ,0.699        ,0.75         ,0.072   ,0.069   
03/28 at 22:48:00,danish     ,False      ,0.0 ,80.0  ,0.1 ,0.95    ,1.0  ,0.25      ,696692.0 ,0.629             ,0.629          ,0.629     ,0.326         ,0.326      ,0.326 ,0.707        ,0.648        ,0.072   ,0.08    
03/28 at 22:48:35,danish     ,False      ,0.0 ,80.0  ,0.1 ,0.95    ,1.0  ,0.25      ,69669.0  ,0.555             ,0.629          ,0.589     ,0.204         ,0.231      ,0.217 ,0.743        ,0.688        ,0.072   ,0.072   
03/28 at 22:53:10,danish     ,False      ,0.0 ,80.0  ,0.1 ,0.95    ,1.0  ,0.32      ,696692.0 ,0.666             ,0.655          ,0.66      ,0.368         ,0.362      ,0.365 ,0.716        ,0.705        ,0.073   ,0.075   
03/28 at 22:53:45,danish     ,False      ,0.0 ,80.0  ,0.1 ,0.95    ,1.0  ,0.32      ,69669.0  ,0.648             ,0.642          ,0.645     ,0.326         ,0.322      ,0.324 ,0.735        ,0.719        ,0.072   ,0.071   
03/28 at 22:58:20,danish     ,False      ,0.0 ,80.0  ,0.1 ,0.98    ,1.0  ,0.18      ,696692.0 ,0.51              ,0.844          ,0.636     ,0.224         ,0.371      ,0.28  ,0.557        ,0.576        ,0.08    ,0.078   
03/28 at 22:58:55,danish     ,False      ,0.0 ,80.0  ,0.1 ,0.98    ,1.0  ,0.18      ,69669.0  ,0.451             ,0.879          ,0.596     ,0.169         ,0.329      ,0.223 ,0.557        ,0.546        ,0.081   ,0.082   
03/28 at 23:03:29,danish     ,False      ,0.0 ,80.0  ,0.1 ,0.98    ,1.0  ,0.25      ,696692.0 ,0.469             ,0.795          ,0.59      ,0.19          ,0.322      ,0.239 ,0.566        ,0.568        ,0.081   ,0.08    
03/28 at 23:04:04,danish     ,False      ,0.0 ,80.0  ,0.1 ,0.98    ,1.0  ,0.25      ,69669.0  ,0.462             ,0.837          ,0.596     ,0.171         ,0.309      ,0.22  ,0.607        ,0.693        ,0.083   ,0.076   
03/28 at 23:08:38,danish     ,False      ,0.0 ,80.0  ,0.1 ,0.98    ,1.0  ,0.32      ,696692.0 ,0.556             ,0.821          ,0.663     ,0.294         ,0.433      ,0.35  ,0.553        ,0.574        ,0.08    ,0.08    
03/28 at 23:09:13,danish     ,False      ,0.0 ,80.0  ,0.1 ,0.98    ,1.0  ,0.32      ,69669.0  ,0.465             ,0.821          ,0.594     ,0.185         ,0.326      ,0.236 ,0.589        ,0.547        ,0.078   ,0.082   
03/28 at 23:13:47,danish     ,False      ,0.0 ,80.0  ,0.13,0.92    ,1.0  ,0.18      ,696692.0 ,0.664             ,0.593          ,0.627     ,0.354         ,0.316      ,0.334 ,0.717        ,0.756        ,0.073   ,0.072   
03/28 at 23:14:22,danish     ,False      ,0.0 ,80.0  ,0.13,0.92    ,1.0  ,0.18      ,69669.0  ,0.662             ,0.56           ,0.607     ,0.304         ,0.257      ,0.279 ,0.788        ,0.761        ,0.067   ,0.069   
03/28 at 23:18:57,danish     ,False      ,0.0 ,80.0  ,0.13,0.92    ,1.0  ,0.25      ,696692.0 ,0.56              ,0.56           ,0.56      ,0.235         ,0.235      ,0.235 ,0.7          ,0.699        ,0.072   ,0.074   
03/28 at 23:19:32,danish     ,False      ,0.0 ,80.0  ,0.13,0.92    ,1.0  ,0.25      ,69669.0  ,0.703             ,0.616          ,0.656     ,0.349         ,0.306      ,0.326 ,0.731        ,0.771        ,0.075   ,0.069   
03/28 at 23:24:06,danish     ,False      ,0.0 ,80.0  ,0.13,0.92    ,1.0  ,0.32      ,696692.0 ,0.702             ,0.544          ,0.613     ,0.319         ,0.248      ,0.279 ,0.755        ,0.711        ,0.066   ,0.075   
03/28 at 23:24:41,danish     ,False      ,0.0 ,80.0  ,0.13,0.92    ,1.0  ,0.32      ,69669.0  ,0.604             ,0.625          ,0.614     ,0.305         ,0.316      ,0.31  ,0.757        ,0.766        ,0.071   ,0.068   
03/28 at 23:29:16,danish     ,False      ,0.0 ,80.0  ,0.13,0.95    ,1.0  ,0.18      ,696692.0 ,0.667             ,0.749          ,0.706     ,0.4           ,0.45       ,0.423 ,0.682        ,0.674        ,0.075   ,0.075   
03/28 at 23:29:51,danish     ,False      ,0.0 ,80.0  ,0.13,0.95    ,1.0  ,0.18      ,69669.0  ,0.476             ,0.651          ,0.55      ,0.145         ,0.199      ,0.168 ,0.714        ,0.712        ,0.071   ,0.073   
03/28 at 23:34:25,danish     ,False      ,0.0 ,80.0  ,0.13,0.95    ,1.0  ,0.25      ,696692.0 ,0.631             ,0.658          ,0.644     ,0.325         ,0.339      ,0.332 ,0.715        ,0.609        ,0.071   ,0.076   
03/28 at 23:35:00,danish     ,False      ,0.0 ,80.0  ,0.13,0.95    ,1.0  ,0.25      ,69669.0  ,0.544             ,0.704          ,0.614     ,0.244         ,0.316      ,0.276 ,0.746        ,0.723        ,0.07    ,0.071   
03/28 at 23:39:35,danish     ,False      ,0.0 ,80.0  ,0.13,0.95    ,1.0  ,0.32      ,696692.0 ,0.677             ,0.642          ,0.659     ,0.371         ,0.352      ,0.361 ,0.646        ,0.66         ,0.075   ,0.079   
03/28 at 23:40:10,danish     ,False      ,0.0 ,80.0  ,0.13,0.95    ,1.0  ,0.32      ,69669.0  ,0.537             ,0.736          ,0.621     ,0.214         ,0.293      ,0.247 ,0.662        ,0.704        ,0.074   ,0.073   
03/28 at 23:44:44,danish     ,False      ,0.0 ,80.0  ,0.13,0.98    ,1.0  ,0.18      ,696692.0 ,0.404             ,0.889          ,0.555     ,0.056         ,0.124      ,0.077 ,0.526        ,0.522        ,0.08    ,0.081   
03/28 at 23:45:19,danish     ,False      ,0.0 ,80.0  ,0.13,0.98    ,1.0  ,0.18      ,69669.0  ,0.441             ,0.811          ,0.572     ,0.113         ,0.208      ,0.147 ,0.568        ,0.544        ,0.08    ,0.079   
03/28 at 23:49:53,danish     ,False      ,0.0 ,80.0  ,0.13,0.98    ,1.0  ,0.25      ,696692.0 ,0.342             ,0.935          ,0.501     ,0.05          ,0.137      ,0.073 ,0.53         ,0.542        ,0.081   ,0.08    
03/28 at 23:50:28,danish     ,False      ,0.0 ,80.0  ,0.13,0.98    ,1.0  ,0.25      ,69669.0  ,0.394             ,0.928          ,0.553     ,0.083         ,0.195      ,0.116 ,0.538        ,0.566        ,0.083   ,0.079   
03/28 at 23:55:02,danish     ,False      ,0.0 ,80.0  ,0.13,0.98    ,1.0  ,0.32      ,696692.0 ,0.687             ,0.186          ,0.292     ,0.265         ,0.072      ,0.113 ,0.561        ,0.542        ,0.08    ,0.08    
03/28 at 23:55:37,danish     ,False      ,0.0 ,80.0  ,0.13,0.98    ,1.0  ,0.32      ,69669.0  ,0.359             ,0.902          ,0.514     ,0.065         ,0.163      ,0.093 ,0.533        ,0.652        ,0.083   ,0.074   
03/29 at 00:01:00,danish     ,False      ,0.0 ,90.0  ,0.07,0.92    ,1.0  ,0.18      ,696692.0 ,0.639             ,0.57           ,0.602     ,0.255         ,0.228      ,0.241 ,0.738        ,0.755        ,0.069   ,0.069   
03/29 at 00:01:40,danish     ,False      ,0.0 ,90.0  ,0.07,0.92    ,1.0  ,0.18      ,69669.0  ,0.678             ,0.687          ,0.683     ,0.373         ,0.378      ,0.375 ,0.78         ,0.789        ,0.069   ,0.067   
03/29 at 00:07:04,danish     ,False      ,0.0 ,90.0  ,0.07,0.92    ,1.0  ,0.25      ,696692.0 ,0.636             ,0.609          ,0.622     ,0.289         ,0.277      ,0.283 ,0.758        ,0.752        ,0.067   ,0.069   
03/29 at 00:07:44,danish     ,False      ,0.0 ,90.0  ,0.07,0.92    ,1.0  ,0.25      ,69669.0  ,0.698             ,0.55           ,0.616     ,0.314         ,0.248      ,0.277 ,0.78         ,0.815        ,0.068   ,0.064   
03/29 at 00:13:08,danish     ,False      ,0.0 ,90.0  ,0.07,0.92    ,1.0  ,0.32      ,696692.0 ,0.573             ,0.577          ,0.575     ,0.223         ,0.225      ,0.224 ,0.757        ,0.77         ,0.069   ,0.068   
03/29 at 00:13:48,danish     ,False      ,0.0 ,90.0  ,0.07,0.92    ,1.0  ,0.32      ,69669.0  ,0.646             ,0.642          ,0.644     ,0.364         ,0.362      ,0.363 ,0.763        ,0.758        ,0.07    ,0.069   
03/29 at 00:19:16,danish     ,False      ,0.0 ,90.0  ,0.07,0.95    ,1.0  ,0.18      ,696692.0 ,0.664             ,0.606          ,0.634     ,0.332         ,0.303      ,0.317 ,0.792        ,0.696        ,0.068   ,0.074   
03/29 at 00:19:56,danish     ,False      ,0.0 ,90.0  ,0.07,0.95    ,1.0  ,0.18      ,69669.0  ,0.694             ,0.583          ,0.634     ,0.353         ,0.296      ,0.322 ,0.764        ,0.75         ,0.072   ,0.068   
03/29 at 00:25:23,danish     ,False      ,0.0 ,90.0  ,0.07,0.95    ,1.0  ,0.25      ,696692.0 ,0.69              ,0.661          ,0.676     ,0.425         ,0.407      ,0.416 ,0.67         ,0.744        ,0.075   ,0.069   
03/29 at 00:26:04,danish     ,False      ,0.0 ,90.0  ,0.07,0.95    ,1.0  ,0.25      ,69669.0  ,0.727             ,0.547          ,0.625     ,0.39          ,0.293      ,0.335 ,0.734        ,0.779        ,0.071   ,0.066   
03/29 at 00:31:25,danish     ,False      ,0.0 ,90.0  ,0.07,0.95    ,1.0  ,0.32      ,696692.0 ,0.642             ,0.625          ,0.634     ,0.298         ,0.29       ,0.294 ,0.75         ,0.783        ,0.07    ,0.069   
03/29 at 00:32:06,danish     ,False      ,0.0 ,90.0  ,0.07,0.95    ,1.0  ,0.32      ,69669.0  ,0.596             ,0.625          ,0.61      ,0.273         ,0.287      ,0.28  ,0.757        ,0.782        ,0.067   ,0.071   
03/29 at 00:37:33,danish     ,False      ,0.0 ,90.0  ,0.07,0.98    ,1.0  ,0.18      ,696692.0 ,0.587             ,0.726          ,0.649     ,0.332         ,0.41       ,0.367 ,0.615        ,0.621        ,0.077   ,0.076   
03/29 at 00:38:13,danish     ,False      ,0.0 ,90.0  ,0.07,0.98    ,1.0  ,0.18      ,69669.0  ,0.516             ,0.733          ,0.606     ,0.19          ,0.27       ,0.223 ,0.644        ,0.619        ,0.075   ,0.077   
03/29 at 00:43:36,danish     ,False      ,0.0 ,90.0  ,0.07,0.98    ,1.0  ,0.25      ,696692.0 ,0.616             ,0.795          ,0.694     ,0.359         ,0.463      ,0.404 ,0.536        ,0.572        ,0.082   ,0.077   
03/29 at 00:44:17,danish     ,False      ,0.0 ,90.0  ,0.07,0.98    ,1.0  ,0.25      ,69669.0  ,0.519             ,0.225          ,0.314     ,0.158         ,0.068      ,0.095 ,0.662        ,0.684        ,0.078   ,0.072   
03/29 at 00:49:39,danish     ,False      ,0.0 ,90.0  ,0.07,0.98    ,1.0  ,0.32      ,696692.0 ,0.658             ,0.739          ,0.696     ,0.365         ,0.41       ,0.387 ,0.607        ,0.614        ,0.08    ,0.08    
03/29 at 00:50:19,danish     ,False      ,0.0 ,90.0  ,0.07,0.98    ,1.0  ,0.32      ,69669.0  ,0.63              ,0.166          ,0.263     ,0.21          ,0.055      ,0.088 ,0.578        ,0.717        ,0.08    ,0.072   
03/29 at 00:55:42,danish     ,False      ,0.0 ,90.0  ,0.1 ,0.92    ,1.0  ,0.18      ,696692.0 ,0.632             ,0.537          ,0.581     ,0.291         ,0.248      ,0.268 ,0.806        ,0.739        ,0.065   ,0.072   
03/29 at 00:56:23,danish     ,False      ,0.0 ,90.0  ,0.1 ,0.92    ,1.0  ,0.18      ,69669.0  ,0.708             ,0.577          ,0.636     ,0.38          ,0.309      ,0.341 ,0.697        ,0.776        ,0.074   ,0.064   
03/29 at 01:01:45,danish     ,False      ,0.0 ,90.0  ,0.1 ,0.92    ,1.0  ,0.25      ,696692.0 ,0.603             ,0.658          ,0.629     ,0.304         ,0.332      ,0.318 ,0.723        ,0.714        ,0.073   ,0.074   
03/29 at 01:02:25,danish     ,False      ,0.0 ,90.0  ,0.1 ,0.92    ,1.0  ,0.25      ,69669.0  ,0.665             ,0.564          ,0.61      ,0.346         ,0.293      ,0.317 ,0.728        ,0.741        ,0.074   ,0.072   
03/29 at 01:07:49,danish     ,False      ,0.0 ,90.0  ,0.1 ,0.92    ,1.0  ,0.32      ,696692.0 ,0.581             ,0.622          ,0.601     ,0.243         ,0.261      ,0.252 ,0.753        ,0.749        ,0.071   ,0.072   
03/29 at 01:08:29,danish     ,False      ,0.0 ,90.0  ,0.1 ,0.92    ,1.0  ,0.32      ,69669.0  ,0.636             ,0.534          ,0.581     ,0.283         ,0.238      ,0.258 ,0.737        ,0.746        ,0.073   ,0.069   
03/29 at 01:13:53,danish     ,False      ,0.0 ,90.0  ,0.1 ,0.95    ,1.0  ,0.18      ,696692.0 ,0.7               ,0.622          ,0.659     ,0.363         ,0.322      ,0.341 ,0.71         ,0.668        ,0.073   ,0.077   
03/29 at 01:14:34,danish     ,False      ,0.0 ,90.0  ,0.1 ,0.95    ,1.0  ,0.18      ,69669.0  ,0.622             ,0.58           ,0.6       ,0.308         ,0.287      ,0.297 ,0.688        ,0.721        ,0.074   ,0.073   
03/29 at 01:19:57,danish     ,False      ,0.0 ,90.0  ,0.1 ,0.95    ,1.0  ,0.25      ,696692.0 ,0.65              ,0.564          ,0.604     ,0.282         ,0.244      ,0.262 ,0.73         ,0.728        ,0.071   ,0.072   
03/29 at 01:20:37,danish     ,False      ,0.0 ,90.0  ,0.1 ,0.95    ,1.0  ,0.25      ,69669.0  ,0.721             ,0.7            ,0.711     ,0.446         ,0.433      ,0.44  ,0.742        ,0.71         ,0.072   ,0.074   
03/29 at 01:26:02,danish     ,False      ,0.0 ,90.0  ,0.1 ,0.95    ,1.0  ,0.32      ,696692.0 ,0.645             ,0.687          ,0.666     ,0.361         ,0.384      ,0.372 ,0.748        ,0.689        ,0.069   ,0.078   
03/29 at 01:26:43,danish     ,False      ,0.0 ,90.0  ,0.1 ,0.95    ,1.0  ,0.32      ,69669.0  ,0.572             ,0.544          ,0.558     ,0.236         ,0.225      ,0.23  ,0.698        ,0.753        ,0.074   ,0.068   
03/29 at 01:32:05,danish     ,False      ,0.0 ,90.0  ,0.1 ,0.98    ,1.0  ,0.18      ,696692.0 ,0.481             ,0.857          ,0.616     ,0.183         ,0.326      ,0.234 ,0.587        ,0.558        ,0.081   ,0.08    
03/29 at 01:32:46,danish     ,False      ,0.0 ,90.0  ,0.1 ,0.98    ,1.0  ,0.18      ,69669.0  ,0.473             ,0.831          ,0.603     ,0.204         ,0.358      ,0.26  ,0.546        ,0.655        ,0.082   ,0.077   
03/29 at 01:38:08,danish     ,False      ,0.0 ,90.0  ,0.1 ,0.98    ,1.0  ,0.25      ,696692.0 ,0.58              ,0.827          ,0.682     ,0.349         ,0.498      ,0.411 ,0.624        ,0.535        ,0.076   ,0.08    
03/29 at 01:38:49,danish     ,False      ,0.0 ,90.0  ,0.1 ,0.98    ,1.0  ,0.25      ,69669.0  ,0.464             ,0.873          ,0.606     ,0.182         ,0.342      ,0.238 ,0.619        ,0.608        ,0.078   ,0.08    
03/29 at 01:44:14,danish     ,False      ,0.0 ,90.0  ,0.1 ,0.98    ,1.0  ,0.32      ,696692.0 ,0.55              ,0.801          ,0.653     ,0.284         ,0.414      ,0.337 ,0.615        ,0.516        ,0.077   ,0.083   
03/29 at 01:44:55,danish     ,False      ,0.0 ,90.0  ,0.1 ,0.98    ,1.0  ,0.32      ,69669.0  ,0.639             ,0.15           ,0.243     ,0.222         ,0.052      ,0.084 ,0.581        ,0.523        ,0.079   ,0.081   
03/29 at 01:50:24,danish     ,False      ,0.0 ,90.0  ,0.13,0.92    ,1.0  ,0.18      ,696692.0 ,0.624             ,0.45           ,0.523     ,0.24          ,0.173      ,0.201 ,0.704        ,0.689        ,0.074   ,0.075   
03/29 at 01:51:04,danish     ,False      ,0.0 ,90.0  ,0.13,0.92    ,1.0  ,0.18      ,69669.0  ,0.74              ,0.482          ,0.584     ,0.32          ,0.208      ,0.252 ,0.728        ,0.731        ,0.074   ,0.074   
03/29 at 01:56:27,danish     ,False      ,0.0 ,90.0  ,0.13,0.92    ,1.0  ,0.25      ,696692.0 ,0.663             ,0.629          ,0.645     ,0.34          ,0.322      ,0.331 ,0.732        ,0.709        ,0.069   ,0.074   
03/29 at 01:57:07,danish     ,False      ,0.0 ,90.0  ,0.13,0.92    ,1.0  ,0.25      ,69669.0  ,0.506             ,0.593          ,0.546     ,0.167         ,0.195      ,0.18  ,0.737        ,0.718        ,0.071   ,0.07    
03/29 at 02:02:30,danish     ,False      ,0.0 ,90.0  ,0.13,0.92    ,1.0  ,0.32      ,696692.0 ,0.64              ,0.55           ,0.592     ,0.28          ,0.241      ,0.259 ,0.728        ,0.762        ,0.071   ,0.069   
03/29 at 02:03:10,danish     ,False      ,0.0 ,90.0  ,0.13,0.92    ,1.0  ,0.32      ,69669.0  ,0.685             ,0.674          ,0.68      ,0.401         ,0.394      ,0.397 ,0.777        ,0.709        ,0.067   ,0.071   
03/29 at 02:08:36,danish     ,False      ,0.0 ,90.0  ,0.13,0.95    ,1.0  ,0.18      ,696692.0 ,0.685             ,0.658          ,0.671     ,0.41          ,0.394      ,0.402 ,0.663        ,0.636        ,0.076   ,0.076   
03/29 at 02:09:16,danish     ,False      ,0.0 ,90.0  ,0.13,0.95    ,1.0  ,0.18      ,69669.0  ,0.699             ,0.606          ,0.649     ,0.402         ,0.349      ,0.373 ,0.775        ,0.73         ,0.065   ,0.067   
03/29 at 02:14:38,danish     ,False      ,0.0 ,90.0  ,0.13,0.95    ,1.0  ,0.25      ,696692.0 ,0.666             ,0.687          ,0.676     ,0.363         ,0.375      ,0.369 ,0.705        ,0.691        ,0.072   ,0.074   
03/29 at 02:15:18,danish     ,False      ,0.0 ,90.0  ,0.13,0.95    ,1.0  ,0.25      ,69669.0  ,0.661             ,0.583          ,0.619     ,0.317         ,0.28       ,0.298 ,0.738        ,0.749        ,0.071   ,0.07    
03/29 at 02:20:41,danish     ,False      ,0.0 ,90.0  ,0.13,0.95    ,1.0  ,0.32      ,696692.0 ,0.561             ,0.586          ,0.573     ,0.243         ,0.254      ,0.248 ,0.687        ,0.689        ,0.077   ,0.074   
03/29 at 02:21:21,danish     ,False      ,0.0 ,90.0  ,0.13,0.95    ,1.0  ,0.32      ,69669.0  ,0.506             ,0.661          ,0.573     ,0.182         ,0.238      ,0.206 ,0.71         ,0.734        ,0.073   ,0.069   
03/29 at 02:26:43,danish     ,False      ,0.0 ,90.0  ,0.13,0.98    ,1.0  ,0.18      ,696692.0 ,0.449             ,0.824          ,0.582     ,0.169         ,0.309      ,0.218 ,0.538        ,0.525        ,0.08    ,0.08    
03/29 at 02:27:24,danish     ,False      ,0.0 ,90.0  ,0.13,0.98    ,1.0  ,0.18      ,69669.0  ,0.348             ,0.71           ,0.467     ,0.07          ,0.143      ,0.094 ,0.584        ,0.569        ,0.084   ,0.081   
03/29 at 02:32:46,danish     ,False      ,0.0 ,90.0  ,0.13,0.98    ,1.0  ,0.25      ,696692.0 ,0.476             ,0.853          ,0.611     ,0.204         ,0.365      ,0.261 ,0.603        ,0.535        ,0.079   ,0.08    
03/29 at 02:33:26,danish     ,False      ,0.0 ,90.0  ,0.13,0.98    ,1.0  ,0.25      ,69669.0  ,0.41              ,0.814          ,0.545     ,0.111         ,0.221      ,0.148 ,0.557        ,0.541        ,0.083   ,0.081   
03/29 at 02:38:48,danish     ,False      ,0.0 ,90.0  ,0.13,0.98    ,1.0  ,0.32      ,696692.0 ,0.483             ,0.818          ,0.607     ,0.212         ,0.358      ,0.266 ,0.538        ,0.559        ,0.081   ,0.079   
03/29 at 02:39:29,danish     ,False      ,0.0 ,90.0  ,0.13,0.98    ,1.0  ,0.32      ,69669.0  ,0.496             ,0.863          ,0.63      ,0.208         ,0.362      ,0.264 ,0.581        ,0.56         ,0.081   ,0.081   
03/29 at 02:43:28,english    ,False      ,0.0 ,70.0  ,0.07,0.92    ,1.0  ,0.18      ,696692.0 ,0.725             ,0.703          ,0.714     ,0.387         ,0.375      ,0.381 ,0.732        ,0.737        ,0.07    ,0.074   
03/29 at 02:43:58,english    ,False      ,0.0 ,70.0  ,0.07,0.92    ,1.0  ,0.18      ,69669.0  ,0.705             ,0.621          ,0.661     ,0.337         ,0.297      ,0.316 ,0.655        ,0.744        ,0.077   ,0.075   
03/29 at 02:47:54,english    ,False      ,0.0 ,70.0  ,0.07,0.92    ,1.0  ,0.25      ,696692.0 ,0.667             ,0.758          ,0.709     ,0.351         ,0.399      ,0.374 ,0.731        ,0.727        ,0.068   ,0.077   
03/29 at 02:48:25,english    ,False      ,0.0 ,70.0  ,0.07,0.92    ,1.0  ,0.25      ,69669.0  ,0.631             ,0.7            ,0.663     ,0.265         ,0.294      ,0.278 ,0.746        ,0.741        ,0.074   ,0.072   
03/29 at 02:52:21,english    ,False      ,0.0 ,70.0  ,0.07,0.92    ,1.0  ,0.32      ,696692.0 ,0.726             ,0.84           ,0.778     ,0.463         ,0.536      ,0.497 ,0.703        ,0.776        ,0.074   ,0.066   
03/29 at 02:52:52,english    ,False      ,0.0 ,70.0  ,0.07,0.92    ,1.0  ,0.32      ,69669.0  ,0.695             ,0.567          ,0.624     ,0.301         ,0.246      ,0.271 ,0.73         ,0.756        ,0.069   ,0.073   
03/29 at 02:56:48,english    ,False      ,0.0 ,70.0  ,0.07,0.95    ,1.0  ,0.18      ,696692.0 ,0.734             ,0.802          ,0.767     ,0.481         ,0.526      ,0.502 ,0.761        ,0.693        ,0.069   ,0.074   
03/29 at 02:57:19,english    ,False      ,0.0 ,70.0  ,0.07,0.95    ,1.0  ,0.18      ,69669.0  ,0.711             ,0.614          ,0.659     ,0.356         ,0.307      ,0.33  ,0.721        ,0.714        ,0.072   ,0.074   
03/29 at 03:01:15,english    ,False      ,0.0 ,70.0  ,0.07,0.95    ,1.0  ,0.25      ,696692.0 ,0.739             ,0.812          ,0.774     ,0.481         ,0.529      ,0.504 ,0.643        ,0.692        ,0.077   ,0.074   
03/29 at 03:01:45,english    ,False      ,0.0 ,70.0  ,0.07,0.95    ,1.0  ,0.25      ,69669.0  ,0.66              ,0.696          ,0.678     ,0.333         ,0.352      ,0.342 ,0.699        ,0.725        ,0.076   ,0.071   
03/29 at 03:05:41,english    ,False      ,0.0 ,70.0  ,0.07,0.95    ,1.0  ,0.32      ,696692.0 ,0.716             ,0.836          ,0.772     ,0.471         ,0.549      ,0.507 ,0.673        ,0.737        ,0.076   ,0.073   
03/29 at 03:06:12,english    ,False      ,0.0 ,70.0  ,0.07,0.95    ,1.0  ,0.32      ,69669.0  ,0.669             ,0.642          ,0.655     ,0.278         ,0.266      ,0.272 ,0.683        ,0.712        ,0.075   ,0.072   
03/29 at 03:10:10,english    ,False      ,0.0 ,70.0  ,0.07,0.98    ,1.0  ,0.18      ,696692.0 ,0.541             ,0.768          ,0.635     ,0.188         ,0.266      ,0.22  ,0.633        ,0.685        ,0.078   ,0.074   
03/29 at 03:10:41,english    ,False      ,0.0 ,70.0  ,0.07,0.98    ,1.0  ,0.18      ,69669.0  ,1.0               ,0.072          ,0.134     ,0.143         ,0.01       ,0.019 ,0.662        ,0.709        ,0.078   ,0.073   
03/29 at 03:14:41,english    ,False      ,0.0 ,70.0  ,0.07,0.98    ,1.0  ,0.25      ,696692.0 ,0.618             ,0.816          ,0.703     ,0.315         ,0.416      ,0.359 ,0.619        ,0.639        ,0.077   ,0.078   
03/29 at 03:15:11,english    ,False      ,0.0 ,70.0  ,0.07,0.98    ,1.0  ,0.25      ,69669.0  ,0.667             ,0.075          ,0.135     ,0.091         ,0.01       ,0.018 ,0.668        ,0.641        ,0.076   ,0.078   
03/29 at 03:19:07,english    ,False      ,0.0 ,70.0  ,0.07,0.98    ,1.0  ,0.32      ,696692.0 ,0.607             ,0.812          ,0.695     ,0.306         ,0.41       ,0.35  ,0.647        ,0.598        ,0.075   ,0.081   
03/29 at 03:19:38,english    ,False      ,0.0 ,70.0  ,0.07,0.98    ,1.0  ,0.32      ,69669.0  ,0.871             ,0.092          ,0.167     ,0.129         ,0.014      ,0.025 ,0.615        ,0.69         ,0.079   ,0.07    
03/29 at 03:23:33,english    ,False      ,0.0 ,70.0  ,0.1 ,0.92    ,1.0  ,0.18      ,696692.0 ,0.668             ,0.713          ,0.69      ,0.38          ,0.406      ,0.393 ,0.697        ,0.781        ,0.076   ,0.066   
03/29 at 03:24:04,english    ,False      ,0.0 ,70.0  ,0.1 ,0.92    ,1.0  ,0.18      ,69669.0  ,0.699             ,0.642          ,0.669     ,0.353         ,0.324      ,0.338 ,0.673        ,0.723        ,0.074   ,0.072   
03/29 at 03:27:59,english    ,False      ,0.0 ,70.0  ,0.1 ,0.92    ,1.0  ,0.25      ,696692.0 ,0.716             ,0.86           ,0.781     ,0.449         ,0.539      ,0.49  ,0.722        ,0.727        ,0.072   ,0.072   
03/29 at 03:28:30,english    ,False      ,0.0 ,70.0  ,0.1 ,0.92    ,1.0  ,0.25      ,69669.0  ,0.687             ,0.747          ,0.716     ,0.395         ,0.43       ,0.412 ,0.715        ,0.734        ,0.076   ,0.072   
03/29 at 03:32:26,english    ,False      ,0.0 ,70.0  ,0.1 ,0.92    ,1.0  ,0.32      ,696692.0 ,0.674             ,0.782          ,0.724     ,0.376         ,0.437      ,0.404 ,0.671        ,0.685        ,0.074   ,0.074   
03/29 at 03:32:56,english    ,False      ,0.0 ,70.0  ,0.1 ,0.92    ,1.0  ,0.32      ,69669.0  ,0.701             ,0.689          ,0.695     ,0.358         ,0.352      ,0.355 ,0.703        ,0.698        ,0.075   ,0.071   
03/29 at 03:36:52,english    ,False      ,0.0 ,70.0  ,0.1 ,0.95    ,1.0  ,0.18      ,696692.0 ,0.673             ,0.771          ,0.719     ,0.375         ,0.43       ,0.401 ,0.651        ,0.695        ,0.079   ,0.076   
03/29 at 03:37:23,english    ,False      ,0.0 ,70.0  ,0.1 ,0.95    ,1.0  ,0.18      ,69669.0  ,0.664             ,0.648          ,0.656     ,0.308         ,0.3        ,0.304 ,0.703        ,0.665        ,0.076   ,0.073   
03/29 at 03:41:18,english    ,False      ,0.0 ,70.0  ,0.1 ,0.95    ,1.0  ,0.25      ,696692.0 ,0.745             ,0.846          ,0.792     ,0.486         ,0.553      ,0.518 ,0.605        ,0.664        ,0.076   ,0.075   
03/29 at 03:41:49,english    ,False      ,0.0 ,70.0  ,0.1 ,0.95    ,1.0  ,0.25      ,69669.0  ,0.673             ,0.645          ,0.659     ,0.331         ,0.317      ,0.324 ,0.664        ,0.731        ,0.078   ,0.069   
03/29 at 03:45:47,english    ,False      ,0.0 ,70.0  ,0.1 ,0.95    ,1.0  ,0.32      ,696692.0 ,0.659             ,0.799          ,0.722     ,0.366         ,0.444      ,0.401 ,0.617        ,0.644        ,0.081   ,0.074   
03/29 at 03:46:18,english    ,False      ,0.0 ,70.0  ,0.1 ,0.95    ,1.0  ,0.32      ,69669.0  ,0.675             ,0.737          ,0.705     ,0.338         ,0.369      ,0.352 ,0.659        ,0.688        ,0.074   ,0.076   
03/29 at 03:50:13,english    ,False      ,0.0 ,70.0  ,0.1 ,0.98    ,1.0  ,0.18      ,696692.0 ,0.512             ,0.87           ,0.645     ,0.187         ,0.317      ,0.235 ,0.521        ,0.592        ,0.08    ,0.079   
03/29 at 03:50:44,english    ,False      ,0.0 ,70.0  ,0.1 ,0.98    ,1.0  ,0.18      ,69669.0  ,0.569             ,0.126          ,0.207     ,0.015         ,0.003      ,0.006 ,0.629        ,0.673        ,0.078   ,0.078   
03/29 at 03:54:40,english    ,False      ,0.0 ,70.0  ,0.1 ,0.98    ,1.0  ,0.25      ,696692.0 ,0.483             ,0.908          ,0.63      ,0.156         ,0.294      ,0.204 ,0.569        ,0.577        ,0.081   ,0.082   
03/29 at 03:55:10,english    ,False      ,0.0 ,70.0  ,0.1 ,0.98    ,1.0  ,0.25      ,69669.0  ,0.406             ,0.133          ,0.201     ,0.021         ,0.007      ,0.01  ,0.61         ,0.649        ,0.081   ,0.078   
03/29 at 03:59:06,english    ,False      ,0.0 ,70.0  ,0.1 ,0.98    ,1.0  ,0.32      ,696692.0 ,0.444             ,0.887          ,0.592     ,0.144         ,0.287      ,0.191 ,0.554        ,0.601        ,0.078   ,0.079   
03/29 at 03:59:37,english    ,False      ,0.0 ,70.0  ,0.1 ,0.98    ,1.0  ,0.32      ,69669.0  ,0.357             ,0.034          ,0.062     ,0.036         ,0.003      ,0.006 ,0.681        ,0.561        ,0.074   ,0.083   
03/29 at 04:03:32,english    ,False      ,0.0 ,70.0  ,0.13,0.92    ,1.0  ,0.18      ,696692.0 ,0.687             ,0.778          ,0.73      ,0.386         ,0.437      ,0.41  ,0.702        ,0.728        ,0.073   ,0.072   
03/29 at 04:04:03,english    ,False      ,0.0 ,70.0  ,0.13,0.92    ,1.0  ,0.18      ,69669.0  ,0.677             ,0.7            ,0.688     ,0.366         ,0.379      ,0.372 ,0.699        ,0.744        ,0.076   ,0.07    
03/29 at 04:07:59,english    ,False      ,0.0 ,70.0  ,0.13,0.92    ,1.0  ,0.25      ,696692.0 ,0.685             ,0.795          ,0.736     ,0.388         ,0.451      ,0.417 ,0.686        ,0.712        ,0.077   ,0.072   
03/29 at 04:08:30,english    ,False      ,0.0 ,70.0  ,0.13,0.92    ,1.0  ,0.25      ,69669.0  ,0.63              ,0.372          ,0.468     ,0.237         ,0.14       ,0.176 ,0.665        ,0.73         ,0.078   ,0.072   
03/29 at 04:12:25,english    ,False      ,0.0 ,70.0  ,0.13,0.92    ,1.0  ,0.32      ,696692.0 ,0.699             ,0.823          ,0.755     ,0.423         ,0.498      ,0.458 ,0.652        ,0.729        ,0.075   ,0.071   
03/29 at 04:12:56,english    ,False      ,0.0 ,70.0  ,0.13,0.92    ,1.0  ,0.32      ,69669.0  ,0.723             ,0.713          ,0.718     ,0.381         ,0.375      ,0.378 ,0.651        ,0.689        ,0.079   ,0.075   
03/29 at 04:16:51,english    ,False      ,0.0 ,70.0  ,0.13,0.95    ,1.0  ,0.18      ,696692.0 ,0.658             ,0.73           ,0.693     ,0.332         ,0.369      ,0.35  ,0.669        ,0.681        ,0.075   ,0.073   
03/29 at 04:17:22,english    ,False      ,0.0 ,70.0  ,0.13,0.95    ,1.0  ,0.18      ,69669.0  ,0.652             ,0.724          ,0.686     ,0.354         ,0.392      ,0.372 ,0.666        ,0.721        ,0.078   ,0.075   
03/29 at 04:21:18,english    ,False      ,0.0 ,70.0  ,0.13,0.95    ,1.0  ,0.25      ,696692.0 ,0.678             ,0.792          ,0.731     ,0.424         ,0.495      ,0.457 ,0.586        ,0.678        ,0.081   ,0.079   
03/29 at 04:21:48,english    ,False      ,0.0 ,70.0  ,0.13,0.95    ,1.0  ,0.25      ,69669.0  ,0.598             ,0.71           ,0.649     ,0.287         ,0.341      ,0.312 ,0.669        ,0.712        ,0.077   ,0.072   
03/29 at 04:25:43,english    ,False      ,0.0 ,70.0  ,0.13,0.95    ,1.0  ,0.32      ,696692.0 ,0.713             ,0.799          ,0.754     ,0.47          ,0.526      ,0.496 ,0.64         ,0.657        ,0.076   ,0.079   
03/29 at 04:26:14,english    ,False      ,0.0 ,70.0  ,0.13,0.95    ,1.0  ,0.32      ,69669.0  ,0.658             ,0.775          ,0.712     ,0.354         ,0.416      ,0.382 ,0.576        ,0.71         ,0.082   ,0.079   
03/29 at 04:30:10,english    ,False      ,0.0 ,70.0  ,0.13,0.98    ,1.0  ,0.18      ,696692.0 ,0.351             ,0.952          ,0.512     ,0.064         ,0.174      ,0.094 ,0.519        ,0.587        ,0.08    ,0.079   
03/29 at 04:30:41,english    ,False      ,0.0 ,70.0  ,0.13,0.98    ,1.0  ,0.18      ,69669.0  ,0.333             ,0.031          ,0.056     ,0.0           ,0.0        ,0.0   ,0.622        ,0.597        ,0.08    ,0.079   
03/29 at 04:34:36,english    ,False      ,0.0 ,70.0  ,0.13,0.98    ,1.0  ,0.25      ,696692.0 ,0.367             ,0.918          ,0.524     ,0.057         ,0.143      ,0.082 ,0.577        ,0.6          ,0.08    ,0.082   
03/29 at 04:35:07,english    ,False      ,0.0 ,70.0  ,0.13,0.98    ,1.0  ,0.25      ,69669.0  ,0.216             ,0.038          ,0.064     ,0.0           ,0.0        ,0.0   ,0.546        ,0.605        ,0.082   ,0.075   
03/29 at 04:39:02,english    ,False      ,0.0 ,70.0  ,0.13,0.98    ,1.0  ,0.32      ,696692.0 ,0.42              ,0.908          ,0.574     ,0.099         ,0.215      ,0.136 ,0.547        ,0.597        ,0.08    ,0.082   
03/29 at 04:39:33,english    ,False      ,0.0 ,70.0  ,0.13,0.98    ,1.0  ,0.32      ,69669.0  ,1.0               ,0.031          ,0.06      ,0.0           ,0.0        ,0.0   ,0.611        ,0.619        ,0.079   ,0.079   
03/29 at 04:44:13,english    ,False      ,0.0 ,80.0  ,0.07,0.92    ,1.0  ,0.18      ,696692.0 ,0.707             ,0.758          ,0.731     ,0.376         ,0.403      ,0.389 ,0.724        ,0.748        ,0.072   ,0.068   
03/29 at 04:44:48,english    ,False      ,0.0 ,80.0  ,0.07,0.92    ,1.0  ,0.18      ,69669.0  ,0.691             ,0.686          ,0.688     ,0.337         ,0.334      ,0.336 ,0.715        ,0.721        ,0.074   ,0.073   
03/29 at 04:49:28,english    ,False      ,0.0 ,80.0  ,0.07,0.92    ,1.0  ,0.25      ,696692.0 ,0.749             ,0.662          ,0.703     ,0.421         ,0.372      ,0.395 ,0.698        ,0.702        ,0.075   ,0.074   
03/29 at 04:50:03,english    ,False      ,0.0 ,80.0  ,0.07,0.92    ,1.0  ,0.25      ,69669.0  ,0.688             ,0.563          ,0.619     ,0.338         ,0.276      ,0.304 ,0.678        ,0.689        ,0.075   ,0.076   
03/29 at 04:54:43,english    ,False      ,0.0 ,80.0  ,0.07,0.92    ,1.0  ,0.32      ,696692.0 ,0.759             ,0.805          ,0.781     ,0.46          ,0.488      ,0.474 ,0.712        ,0.736        ,0.071   ,0.071   
03/29 at 04:55:18,english    ,False      ,0.0 ,80.0  ,0.07,0.92    ,1.0  ,0.32      ,69669.0  ,0.676             ,0.57           ,0.619     ,0.296         ,0.249      ,0.27  ,0.679        ,0.776        ,0.076   ,0.066   
03/29 at 04:59:58,english    ,False      ,0.0 ,80.0  ,0.07,0.95    ,1.0  ,0.18      ,696692.0 ,0.7               ,0.805          ,0.749     ,0.421         ,0.485      ,0.451 ,0.745        ,0.755        ,0.07    ,0.068   
03/29 at 05:00:34,english    ,False      ,0.0 ,80.0  ,0.07,0.95    ,1.0  ,0.18      ,69669.0  ,0.614             ,0.58           ,0.596     ,0.231         ,0.218      ,0.225 ,0.742        ,0.713        ,0.073   ,0.072   
03/29 at 05:05:12,english    ,False      ,0.0 ,80.0  ,0.07,0.95    ,1.0  ,0.25      ,696692.0 ,0.746             ,0.812          ,0.778     ,0.486         ,0.529      ,0.507 ,0.683        ,0.747        ,0.075   ,0.068   
03/29 at 05:05:47,english    ,False      ,0.0 ,80.0  ,0.07,0.95    ,1.0  ,0.25      ,69669.0  ,0.753             ,0.594          ,0.664     ,0.372         ,0.294      ,0.328 ,0.664        ,0.729        ,0.075   ,0.072   
03/29 at 05:10:28,english    ,False      ,0.0 ,80.0  ,0.07,0.95    ,1.0  ,0.32      ,696692.0 ,0.71              ,0.72           ,0.715     ,0.421         ,0.427      ,0.424 ,0.712        ,0.753        ,0.071   ,0.07    
03/29 at 05:11:03,english    ,False      ,0.0 ,80.0  ,0.07,0.95    ,1.0  ,0.32      ,69669.0  ,0.678             ,0.495          ,0.572     ,0.294         ,0.215      ,0.249 ,0.68         ,0.71         ,0.074   ,0.074   
03/29 at 05:15:41,english    ,False      ,0.0 ,80.0  ,0.07,0.98    ,1.0  ,0.18      ,696692.0 ,0.682             ,0.799          ,0.736     ,0.405         ,0.474      ,0.437 ,0.571        ,0.609        ,0.081   ,0.08    
03/29 at 05:16:17,english    ,False      ,0.0 ,80.0  ,0.07,0.98    ,1.0  ,0.18      ,69669.0  ,0.418             ,0.078          ,0.132     ,0.036         ,0.007      ,0.011 ,0.638        ,0.674        ,0.076   ,0.073   
03/29 at 05:20:56,english    ,False      ,0.0 ,80.0  ,0.07,0.98    ,1.0  ,0.25      ,696692.0 ,0.625             ,0.86           ,0.724     ,0.362         ,0.498      ,0.42  ,0.607        ,0.64         ,0.08    ,0.079   
03/29 at 05:21:31,english    ,False      ,0.0 ,80.0  ,0.07,0.98    ,1.0  ,0.25      ,69669.0  ,0.706             ,0.082          ,0.147     ,0.059         ,0.007      ,0.012 ,0.594        ,0.763        ,0.079   ,0.071   
03/29 at 05:26:10,english    ,False      ,0.0 ,80.0  ,0.07,0.98    ,1.0  ,0.32      ,696692.0 ,0.546             ,0.809          ,0.652     ,0.219         ,0.324      ,0.261 ,0.626        ,0.6          ,0.076   ,0.083   
03/29 at 05:26:45,english    ,False      ,0.0 ,80.0  ,0.07,0.98    ,1.0  ,0.32      ,69669.0  ,0.941             ,0.055          ,0.103     ,0.059         ,0.003      ,0.006 ,0.696        ,0.653        ,0.074   ,0.079   
03/29 at 05:31:24,english    ,False      ,0.0 ,80.0  ,0.1 ,0.92    ,1.0  ,0.18      ,696692.0 ,0.69              ,0.737          ,0.713     ,0.39          ,0.416      ,0.403 ,0.72         ,0.727        ,0.072   ,0.074   
03/29 at 05:32:00,english    ,False      ,0.0 ,80.0  ,0.1 ,0.92    ,1.0  ,0.18      ,69669.0  ,0.747             ,0.563          ,0.642     ,0.362         ,0.273      ,0.311 ,0.686        ,0.717        ,0.079   ,0.077   
03/29 at 05:36:39,english    ,False      ,0.0 ,80.0  ,0.1 ,0.92    ,1.0  ,0.25      ,696692.0 ,0.697             ,0.724          ,0.71      ,0.375         ,0.389      ,0.382 ,0.729        ,0.686        ,0.07    ,0.077   
03/29 at 05:37:14,english    ,False      ,0.0 ,80.0  ,0.1 ,0.92    ,1.0  ,0.25      ,69669.0  ,0.69              ,0.713          ,0.701     ,0.347         ,0.358      ,0.352 ,0.698        ,0.759        ,0.074   ,0.07    
03/29 at 05:41:53,english    ,False      ,0.0 ,80.0  ,0.1 ,0.92    ,1.0  ,0.32      ,696692.0 ,0.725             ,0.782          ,0.752     ,0.449         ,0.485      ,0.466 ,0.707        ,0.731        ,0.075   ,0.068   
03/29 at 05:42:29,english    ,False      ,0.0 ,80.0  ,0.1 ,0.92    ,1.0  ,0.32      ,69669.0  ,0.671             ,0.71           ,0.69      ,0.313         ,0.331      ,0.322 ,0.717        ,0.774        ,0.073   ,0.066   
03/29 at 05:47:07,english    ,False      ,0.0 ,80.0  ,0.1 ,0.95    ,1.0  ,0.18      ,696692.0 ,0.688             ,0.805          ,0.742     ,0.405         ,0.474      ,0.437 ,0.665        ,0.71         ,0.077   ,0.072   
03/29 at 05:47:43,english    ,False      ,0.0 ,80.0  ,0.1 ,0.95    ,1.0  ,0.18      ,69669.0  ,0.652             ,0.672          ,0.662     ,0.334         ,0.345      ,0.339 ,0.659        ,0.696        ,0.078   ,0.075   
03/29 at 05:52:22,english    ,False      ,0.0 ,80.0  ,0.1 ,0.95    ,1.0  ,0.25      ,696692.0 ,0.685             ,0.823          ,0.747     ,0.403         ,0.485      ,0.44  ,0.642        ,0.659        ,0.076   ,0.075   
03/29 at 05:52:58,english    ,False      ,0.0 ,80.0  ,0.1 ,0.95    ,1.0  ,0.25      ,69669.0  ,0.612             ,0.642          ,0.627     ,0.29          ,0.304      ,0.297 ,0.664        ,0.708        ,0.078   ,0.072   
03/29 at 05:57:38,english    ,False      ,0.0 ,80.0  ,0.1 ,0.95    ,1.0  ,0.32      ,696692.0 ,0.729             ,0.816          ,0.77      ,0.454         ,0.509      ,0.48  ,0.677        ,0.673        ,0.075   ,0.072   
03/29 at 05:58:13,english    ,False      ,0.0 ,80.0  ,0.1 ,0.95    ,1.0  ,0.32      ,69669.0  ,0.588             ,0.389          ,0.468     ,0.191         ,0.126      ,0.152 ,0.652        ,0.717        ,0.08    ,0.076   
03/29 at 06:02:52,english    ,False      ,0.0 ,80.0  ,0.1 ,0.98    ,1.0  ,0.18      ,696692.0 ,0.375             ,0.908          ,0.531     ,0.076         ,0.184      ,0.108 ,0.567        ,0.548        ,0.08    ,0.082   
03/29 at 06:03:27,english    ,False      ,0.0 ,80.0  ,0.1 ,0.98    ,1.0  ,0.18      ,69669.0  ,1.0               ,0.048          ,0.091     ,0.071         ,0.003      ,0.007 ,0.604        ,0.652        ,0.075   ,0.076   
03/29 at 06:08:06,english    ,False      ,0.0 ,80.0  ,0.1 ,0.98    ,1.0  ,0.25      ,696692.0 ,0.396             ,0.98           ,0.564     ,0.083         ,0.205      ,0.118 ,0.568        ,0.573        ,0.078   ,0.077   
03/29 at 06:08:42,english    ,False      ,0.0 ,80.0  ,0.1 ,0.98    ,1.0  ,0.25      ,69669.0  ,0.61              ,0.171          ,0.267     ,0.037         ,0.01       ,0.016 ,0.591        ,0.626        ,0.08    ,0.079   
03/29 at 06:13:21,english    ,False      ,0.0 ,80.0  ,0.1 ,0.98    ,1.0  ,0.32      ,696692.0 ,0.397             ,0.904          ,0.552     ,0.093         ,0.212      ,0.129 ,0.565        ,0.645        ,0.08    ,0.076   
03/29 at 06:13:56,english    ,False      ,0.0 ,80.0  ,0.1 ,0.98    ,1.0  ,0.32      ,69669.0  ,1.0               ,0.048          ,0.091     ,0.0           ,0.0        ,0.0   ,0.629        ,0.578        ,0.077   ,0.081   
03/29 at 06:18:36,english    ,False      ,0.0 ,80.0  ,0.13,0.92    ,1.0  ,0.18      ,696692.0 ,0.721             ,0.84           ,0.776     ,0.455         ,0.529      ,0.489 ,0.7          ,0.687        ,0.074   ,0.075   
03/29 at 06:19:11,english    ,False      ,0.0 ,80.0  ,0.13,0.92    ,1.0  ,0.18      ,69669.0  ,0.676             ,0.648          ,0.662     ,0.317         ,0.304      ,0.31  ,0.728        ,0.758        ,0.073   ,0.073   
03/29 at 06:23:50,english    ,False      ,0.0 ,80.0  ,0.13,0.92    ,1.0  ,0.25      ,696692.0 ,0.743             ,0.819          ,0.779     ,0.486         ,0.536      ,0.51  ,0.669        ,0.696        ,0.079   ,0.075   
03/29 at 06:24:26,english    ,False      ,0.0 ,80.0  ,0.13,0.92    ,1.0  ,0.25      ,69669.0  ,0.672             ,0.587          ,0.627     ,0.273         ,0.239      ,0.255 ,0.661        ,0.691        ,0.078   ,0.074   
03/29 at 06:29:05,english    ,False      ,0.0 ,80.0  ,0.13,0.92    ,1.0  ,0.32      ,696692.0 ,0.697             ,0.768          ,0.731     ,0.412         ,0.454      ,0.432 ,0.66         ,0.688        ,0.074   ,0.077   
03/29 at 06:29:41,english    ,False      ,0.0 ,80.0  ,0.13,0.92    ,1.0  ,0.32      ,69669.0  ,0.705             ,0.71           ,0.707     ,0.39          ,0.392      ,0.391 ,0.701        ,0.706        ,0.073   ,0.075   
03/29 at 06:34:21,english    ,False      ,0.0 ,80.0  ,0.13,0.95    ,1.0  ,0.18      ,696692.0 ,0.687             ,0.877          ,0.771     ,0.422         ,0.539      ,0.474 ,0.662        ,0.664        ,0.077   ,0.074   
03/29 at 06:34:56,english    ,False      ,0.0 ,80.0  ,0.13,0.95    ,1.0  ,0.18      ,69669.0  ,0.663             ,0.645          ,0.654     ,0.309         ,0.3        ,0.304 ,0.697        ,0.703        ,0.075   ,0.074   
03/29 at 06:39:35,english    ,False      ,0.0 ,80.0  ,0.13,0.95    ,1.0  ,0.25      ,696692.0 ,0.7               ,0.795          ,0.744     ,0.444         ,0.505      ,0.473 ,0.655        ,0.677        ,0.077   ,0.074   
03/29 at 06:40:11,english    ,False      ,0.0 ,80.0  ,0.13,0.95    ,1.0  ,0.25      ,69669.0  ,0.669             ,0.71           ,0.689     ,0.312         ,0.331      ,0.321 ,0.656        ,0.715        ,0.074   ,0.075   
03/29 at 06:44:50,english    ,False      ,0.0 ,80.0  ,0.13,0.95    ,1.0  ,0.32      ,696692.0 ,0.678             ,0.799          ,0.734     ,0.42          ,0.495      ,0.455 ,0.64         ,0.744        ,0.079   ,0.07    
03/29 at 06:45:26,english    ,False      ,0.0 ,80.0  ,0.13,0.95    ,1.0  ,0.32      ,69669.0  ,0.682             ,0.805          ,0.739     ,0.416         ,0.491      ,0.451 ,0.654        ,0.717        ,0.079   ,0.072   
03/29 at 06:50:05,english    ,False      ,0.0 ,80.0  ,0.13,0.98    ,1.0  ,0.18      ,696692.0 ,0.403             ,0.959          ,0.568     ,0.083         ,0.198      ,0.117 ,0.582        ,0.585        ,0.079   ,0.081   
03/29 at 06:50:40,english    ,False      ,0.0 ,80.0  ,0.13,0.98    ,1.0  ,0.18      ,69669.0  ,0.346             ,0.956          ,0.508     ,0.047         ,0.13       ,0.069 ,0.571        ,0.609        ,0.078   ,0.078   
03/29 at 06:55:19,english    ,False      ,0.0 ,80.0  ,0.13,0.98    ,1.0  ,0.25      ,696692.0 ,0.38              ,0.993          ,0.55      ,0.076         ,0.198      ,0.11  ,0.534        ,0.59         ,0.08    ,0.081   
03/29 at 06:55:55,english    ,False      ,0.0 ,80.0  ,0.13,0.98    ,1.0  ,0.25      ,69669.0  ,0.349             ,0.829          ,0.491     ,0.069         ,0.164      ,0.097 ,0.566        ,0.59         ,0.08    ,0.08    
03/29 at 07:00:34,english    ,False      ,0.0 ,80.0  ,0.13,0.98    ,1.0  ,0.32      ,696692.0 ,0.367             ,0.922          ,0.525     ,0.064         ,0.16       ,0.091 ,0.529        ,0.567        ,0.081   ,0.076   
03/29 at 07:01:10,english    ,False      ,0.0 ,80.0  ,0.13,0.98    ,1.0  ,0.32      ,69669.0  ,0.206             ,0.075          ,0.11      ,0.009         ,0.003      ,0.005 ,0.599        ,0.587        ,0.079   ,0.081   
03/29 at 07:06:37,english    ,False      ,0.0 ,90.0  ,0.07,0.92    ,1.0  ,0.18      ,696692.0 ,0.726             ,0.741          ,0.733     ,0.455         ,0.464      ,0.459 ,0.76         ,0.725        ,0.069   ,0.068   
03/29 at 07:07:18,english    ,False      ,0.0 ,90.0  ,0.07,0.92    ,1.0  ,0.18      ,69669.0  ,0.724             ,0.689          ,0.706     ,0.398         ,0.379      ,0.388 ,0.704        ,0.76         ,0.074   ,0.069   
03/29 at 07:12:48,english    ,False      ,0.0 ,90.0  ,0.07,0.92    ,1.0  ,0.25      ,696692.0 ,0.756             ,0.73           ,0.743     ,0.456         ,0.44       ,0.448 ,0.688        ,0.752        ,0.077   ,0.069   
03/29 at 07:13:29,english    ,False      ,0.0 ,90.0  ,0.07,0.92    ,1.0  ,0.25      ,69669.0  ,0.767             ,0.608          ,0.678     ,0.448         ,0.355      ,0.396 ,0.715        ,0.729        ,0.076   ,0.074   
03/29 at 07:18:56,english    ,False      ,0.0 ,90.0  ,0.07,0.92    ,1.0  ,0.32      ,696692.0 ,0.712             ,0.717          ,0.714     ,0.393         ,0.396      ,0.395 ,0.761        ,0.788        ,0.07    ,0.065   
03/29 at 07:19:37,english    ,False      ,0.0 ,90.0  ,0.07,0.92    ,1.0  ,0.32      ,69669.0  ,0.703             ,0.669          ,0.685     ,0.362         ,0.345      ,0.353 ,0.747        ,0.709        ,0.071   ,0.074   
03/29 at 07:25:05,english    ,False      ,0.0 ,90.0  ,0.07,0.95    ,1.0  ,0.18      ,696692.0 ,0.665             ,0.737          ,0.699     ,0.351         ,0.389      ,0.369 ,0.671        ,0.736        ,0.074   ,0.075   
03/29 at 07:25:46,english    ,False      ,0.0 ,90.0  ,0.07,0.95    ,1.0  ,0.18      ,69669.0  ,0.714             ,0.604          ,0.654     ,0.323         ,0.273      ,0.296 ,0.682        ,0.704        ,0.074   ,0.073   
03/29 at 07:31:13,english    ,False      ,0.0 ,90.0  ,0.07,0.95    ,1.0  ,0.25      ,696692.0 ,0.664             ,0.734          ,0.697     ,0.373         ,0.413      ,0.392 ,0.686        ,0.698        ,0.076   ,0.078   
03/29 at 07:31:55,english    ,False      ,0.0 ,90.0  ,0.07,0.95    ,1.0  ,0.25      ,69669.0  ,0.779             ,0.72           ,0.748     ,0.443         ,0.41       ,0.426 ,0.687        ,0.676        ,0.073   ,0.075   
03/29 at 07:37:23,english    ,False      ,0.0 ,90.0  ,0.07,0.95    ,1.0  ,0.32      ,696692.0 ,0.737             ,0.812          ,0.773     ,0.455         ,0.502      ,0.477 ,0.746        ,0.701        ,0.074   ,0.071   
03/29 at 07:38:04,english    ,False      ,0.0 ,90.0  ,0.07,0.95    ,1.0  ,0.32      ,69669.0  ,0.691             ,0.481          ,0.567     ,0.289         ,0.201      ,0.237 ,0.704        ,0.718        ,0.077   ,0.07    
03/29 at 07:43:31,english    ,False      ,0.0 ,90.0  ,0.07,0.98    ,1.0  ,0.18      ,696692.0 ,0.613             ,0.778          ,0.686     ,0.344         ,0.437      ,0.385 ,0.601        ,0.621        ,0.08    ,0.078   
03/29 at 07:44:12,english    ,False      ,0.0 ,90.0  ,0.07,0.98    ,1.0  ,0.18      ,69669.0  ,0.571             ,0.768          ,0.655     ,0.251         ,0.338      ,0.288 ,0.648        ,0.722        ,0.078   ,0.072   
03/29 at 07:49:39,english    ,False      ,0.0 ,90.0  ,0.07,0.98    ,1.0  ,0.25      ,696692.0 ,0.558             ,0.85           ,0.674     ,0.244         ,0.372      ,0.295 ,0.615        ,0.655        ,0.076   ,0.077   
03/29 at 07:50:20,english    ,False      ,0.0 ,90.0  ,0.07,0.98    ,1.0  ,0.25      ,69669.0  ,0.658             ,0.655          ,0.656     ,0.295         ,0.294      ,0.294 ,0.595        ,0.668        ,0.076   ,0.074   
03/29 at 07:55:48,english    ,False      ,0.0 ,90.0  ,0.07,0.98    ,1.0  ,0.32      ,696692.0 ,0.579             ,0.84           ,0.685     ,0.282         ,0.41       ,0.334 ,0.552        ,0.577        ,0.077   ,0.079   
03/29 at 07:56:30,english    ,False      ,0.0 ,90.0  ,0.07,0.98    ,1.0  ,0.32      ,69669.0  ,0.718             ,0.191          ,0.302     ,0.115         ,0.031      ,0.049 ,0.664        ,0.709        ,0.077   ,0.073   
03/29 at 08:01:56,english    ,False      ,0.0 ,90.0  ,0.1 ,0.92    ,1.0  ,0.18      ,696692.0 ,0.716             ,0.782          ,0.747     ,0.425         ,0.464      ,0.444 ,0.678        ,0.745        ,0.078   ,0.075   
03/29 at 08:02:37,english    ,False      ,0.0 ,90.0  ,0.1 ,0.92    ,1.0  ,0.18      ,69669.0  ,0.62              ,0.539          ,0.577     ,0.227         ,0.198      ,0.212 ,0.674        ,0.751        ,0.078   ,0.071   
03/29 at 08:08:04,english    ,False      ,0.0 ,90.0  ,0.1 ,0.92    ,1.0  ,0.25      ,696692.0 ,0.729             ,0.761          ,0.745     ,0.448         ,0.468      ,0.457 ,0.702        ,0.729        ,0.075   ,0.072   
03/29 at 08:08:45,english    ,False      ,0.0 ,90.0  ,0.1 ,0.92    ,1.0  ,0.25      ,69669.0  ,0.716             ,0.498          ,0.588     ,0.25          ,0.174      ,0.205 ,0.69         ,0.768        ,0.077   ,0.071   
03/29 at 08:14:13,english    ,False      ,0.0 ,90.0  ,0.1 ,0.92    ,1.0  ,0.32      ,696692.0 ,0.711             ,0.765          ,0.737     ,0.422         ,0.454      ,0.438 ,0.68         ,0.732        ,0.074   ,0.07    
03/29 at 08:14:55,english    ,False      ,0.0 ,90.0  ,0.1 ,0.92    ,1.0  ,0.32      ,69669.0  ,0.738             ,0.73           ,0.734     ,0.441         ,0.437      ,0.439 ,0.692        ,0.765        ,0.077   ,0.068   
03/29 at 08:20:23,english    ,False      ,0.0 ,90.0  ,0.1 ,0.95    ,1.0  ,0.18      ,696692.0 ,0.734             ,0.706          ,0.72      ,0.422         ,0.406      ,0.414 ,0.625        ,0.649        ,0.076   ,0.077   
03/29 at 08:21:04,english    ,False      ,0.0 ,90.0  ,0.1 ,0.95    ,1.0  ,0.18      ,69669.0  ,0.682             ,0.747          ,0.713     ,0.361         ,0.396      ,0.378 ,0.667        ,0.712        ,0.077   ,0.073   
03/29 at 08:26:31,english    ,False      ,0.0 ,90.0  ,0.1 ,0.95    ,1.0  ,0.25      ,696692.0 ,0.71              ,0.751          ,0.73      ,0.452         ,0.478      ,0.464 ,0.633        ,0.702        ,0.078   ,0.073   
03/29 at 08:27:12,english    ,False      ,0.0 ,90.0  ,0.1 ,0.95    ,1.0  ,0.25      ,69669.0  ,0.652             ,0.512          ,0.574     ,0.287         ,0.225      ,0.252 ,0.708        ,0.701        ,0.071   ,0.076   
03/29 at 08:32:42,english    ,False      ,0.0 ,90.0  ,0.1 ,0.95    ,1.0  ,0.32      ,696692.0 ,0.706             ,0.778          ,0.74      ,0.393         ,0.433      ,0.412 ,0.669        ,0.7          ,0.078   ,0.076   
03/29 at 08:33:23,english    ,False      ,0.0 ,90.0  ,0.1 ,0.95    ,1.0  ,0.32      ,69669.0  ,0.743             ,0.621          ,0.677     ,0.371         ,0.311      ,0.338 ,0.656        ,0.716        ,0.076   ,0.07    
03/29 at 08:38:50,english    ,False      ,0.0 ,90.0  ,0.1 ,0.98    ,1.0  ,0.18      ,696692.0 ,0.451             ,0.918          ,0.604     ,0.132         ,0.27       ,0.178 ,0.546        ,0.618        ,0.081   ,0.078   
03/29 at 08:39:31,english    ,False      ,0.0 ,90.0  ,0.1 ,0.98    ,1.0  ,0.18      ,69669.0  ,1.0               ,0.031          ,0.06      ,0.0           ,0.0        ,0.0   ,0.613        ,0.676        ,0.076   ,0.074   
03/29 at 08:44:59,english    ,False      ,0.0 ,90.0  ,0.1 ,0.98    ,1.0  ,0.25      ,696692.0 ,0.407             ,0.881          ,0.557     ,0.084         ,0.181      ,0.114 ,0.546        ,0.605        ,0.08    ,0.079   
03/29 at 08:45:40,english    ,False      ,0.0 ,90.0  ,0.1 ,0.98    ,1.0  ,0.25      ,69669.0  ,1.0               ,0.031          ,0.06      ,0.0           ,0.0        ,0.0   ,0.615        ,0.633        ,0.079   ,0.076   
03/29 at 08:51:08,english    ,False      ,0.0 ,90.0  ,0.1 ,0.98    ,1.0  ,0.32      ,696692.0 ,0.385             ,0.887          ,0.537     ,0.092         ,0.212      ,0.128 ,0.512        ,0.623        ,0.079   ,0.079   
03/29 at 08:51:49,english    ,False      ,0.0 ,90.0  ,0.1 ,0.98    ,1.0  ,0.32      ,69669.0  ,0.424             ,0.048          ,0.086     ,0.0           ,0.0        ,0.0   ,0.612        ,0.627        ,0.079   ,0.078   
03/29 at 08:57:16,english    ,False      ,0.0 ,90.0  ,0.13,0.92    ,1.0  ,0.18      ,696692.0 ,0.711             ,0.771          ,0.74      ,0.45          ,0.488      ,0.468 ,0.653        ,0.739        ,0.077   ,0.072   
03/29 at 08:57:57,english    ,False      ,0.0 ,90.0  ,0.13,0.92    ,1.0  ,0.18      ,69669.0  ,0.664             ,0.485          ,0.56      ,0.285         ,0.208      ,0.241 ,0.721        ,0.699        ,0.074   ,0.079   
03/29 at 09:03:24,english    ,False      ,0.0 ,90.0  ,0.13,0.92    ,1.0  ,0.25      ,696692.0 ,0.684             ,0.717          ,0.7       ,0.388         ,0.406      ,0.397 ,0.659        ,0.705        ,0.077   ,0.073   
03/29 at 09:04:05,english    ,False      ,0.0 ,90.0  ,0.13,0.92    ,1.0  ,0.25      ,69669.0  ,0.715             ,0.625          ,0.667     ,0.379         ,0.331      ,0.353 ,0.737        ,0.684        ,0.072   ,0.077   
03/29 at 09:09:33,english    ,False      ,0.0 ,90.0  ,0.13,0.92    ,1.0  ,0.32      ,696692.0 ,0.684             ,0.782          ,0.729     ,0.382         ,0.437      ,0.408 ,0.663        ,0.668        ,0.078   ,0.076   
03/29 at 09:10:14,english    ,False      ,0.0 ,90.0  ,0.13,0.92    ,1.0  ,0.32      ,69669.0  ,0.7               ,0.621          ,0.658     ,0.362         ,0.321      ,0.34  ,0.707        ,0.707        ,0.072   ,0.073   
03/29 at 09:15:41,english    ,False      ,0.0 ,90.0  ,0.13,0.95    ,1.0  ,0.18      ,696692.0 ,0.663             ,0.771          ,0.713     ,0.37          ,0.43       ,0.397 ,0.664        ,0.704        ,0.077   ,0.073   
03/29 at 09:16:23,english    ,False      ,0.0 ,90.0  ,0.13,0.95    ,1.0  ,0.18      ,69669.0  ,0.66              ,0.761          ,0.707     ,0.334         ,0.386      ,0.358 ,0.675        ,0.682        ,0.074   ,0.074   
03/29 at 09:21:50,english    ,False      ,0.0 ,90.0  ,0.13,0.95    ,1.0  ,0.25      ,696692.0 ,0.691             ,0.846          ,0.761     ,0.401         ,0.491      ,0.442 ,0.599        ,0.688        ,0.076   ,0.076   
03/29 at 09:22:31,english    ,False      ,0.0 ,90.0  ,0.13,0.95    ,1.0  ,0.25      ,69669.0  ,0.736             ,0.532          ,0.618     ,0.34          ,0.246      ,0.285 ,0.628        ,0.704        ,0.076   ,0.075   
03/29 at 09:27:58,english    ,False      ,0.0 ,90.0  ,0.13,0.95    ,1.0  ,0.32      ,696692.0 ,0.664             ,0.809          ,0.729     ,0.409         ,0.498      ,0.449 ,0.665        ,0.585        ,0.074   ,0.081   
03/29 at 09:28:39,english    ,False      ,0.0 ,90.0  ,0.13,0.95    ,1.0  ,0.32      ,69669.0  ,0.557             ,0.167          ,0.257     ,0.091         ,0.027      ,0.042 ,0.658        ,0.68         ,0.076   ,0.075   
03/29 at 09:34:07,english    ,False      ,0.0 ,90.0  ,0.13,0.98    ,1.0  ,0.18      ,696692.0 ,0.359             ,0.829          ,0.502     ,0.058         ,0.133      ,0.08  ,0.562        ,0.571        ,0.08    ,0.078   
03/29 at 09:34:48,english    ,False      ,0.0 ,90.0  ,0.13,0.98    ,1.0  ,0.18      ,69669.0  ,0.336             ,0.922          ,0.492     ,0.047         ,0.13       ,0.069 ,0.542        ,0.667        ,0.081   ,0.073   
03/29 at 09:40:15,english    ,False      ,0.0 ,90.0  ,0.13,0.98    ,1.0  ,0.25      ,696692.0 ,0.367             ,0.904          ,0.522     ,0.075         ,0.184      ,0.106 ,0.583        ,0.611        ,0.078   ,0.081   
03/29 at 09:40:57,english    ,False      ,0.0 ,90.0  ,0.13,0.98    ,1.0  ,0.25      ,69669.0  ,0.336             ,0.836          ,0.479     ,0.029         ,0.072      ,0.041 ,0.535        ,0.564        ,0.081   ,0.08    
03/29 at 09:46:23,english    ,False      ,0.0 ,90.0  ,0.13,0.98    ,1.0  ,0.32      ,696692.0 ,0.353             ,0.911          ,0.509     ,0.052         ,0.133      ,0.074 ,0.545        ,0.588        ,0.081   ,0.076   
03/29 at 09:47:05,english    ,False      ,0.0 ,90.0  ,0.13,0.98    ,1.0  ,0.32      ,69669.0  ,0.356             ,0.765          ,0.485     ,0.048         ,0.102      ,0.065 ,0.569        ,0.589        ,0.08    ,0.083               